category,sub_category,block,Option1,Option2,Option3,Option4
ATTITUDE,ATTITUDE_1,1,intriguing,thrilling,surprising,incredible
ATTITUDE,ATTITUDE_1,2,astonishing,surprising,notable / noteworthy,incredible
ATTITUDE,ATTITUDE_1,3,unremarkable,remarkable,thrilling,notable / noteworthy
ATTITUDE,ATTITUDE_1,4,phenomenal,unremarkable,notable / noteworthy,incredible
ATTITUDE,ATTITUDE_1,5,phenomenal,intriguing,notable / noteworthy,confident
ATTITUDE,ATTITUDE_1,6,astonishing,unremarkable,intriguing,remarkable
ATTITUDE,ATTITUDE_1,7,astonishing,phenomenal,intriguing,thrilling
ATTITUDE,ATTITUDE_1,8,unremarkable,intriguing,confident,incredible
ATTITUDE,ATTITUDE_1,9,astonishing,unremarkable,surprising,confident
ATTITUDE,ATTITUDE_1,10,remarkable,thrilling,confident,incredible
ATTITUDE,ATTITUDE_1,11,phenomenal,remarkable,surprising,confident
ATTITUDE,ATTITUDE_1,12,intriguing,remarkable,surprising,notable / noteworthy
ATTITUDE,ATTITUDE_1,13,phenomenal,unremarkable,thrilling,surprising
ATTITUDE,ATTITUDE_1,14,astonishing,thrilling,notable / noteworthy,confident
ATTITUDE,ATTITUDE_1,15,astonishing,phenomenal,remarkable,incredible
ATTITUDE,ATTITUDE_2,1,fascinating,exciting,superb,impressive
ATTITUDE,ATTITUDE_2,2,interesting,superb,extraordinary,impressive
ATTITUDE,ATTITUDE_2,3,unremarkable,appealing,exciting,extraordinary
ATTITUDE,ATTITUDE_2,4,adequate,unremarkable,extraordinary,impressive
ATTITUDE,ATTITUDE_2,5,adequate,fascinating,extraordinary,rewarding
ATTITUDE,ATTITUDE_2,6,interesting,unremarkable,fascinating,appealing
ATTITUDE,ATTITUDE_2,7,interesting,adequate,fascinating,exciting
ATTITUDE,ATTITUDE_2,8,unremarkable,fascinating,rewarding,impressive
ATTITUDE,ATTITUDE_2,9,interesting,unremarkable,superb,rewarding
ATTITUDE,ATTITUDE_2,10,appealing,exciting,rewarding,impressive
ATTITUDE,ATTITUDE_2,11,adequate,appealing,superb,rewarding
ATTITUDE,ATTITUDE_2,12,fascinating,appealing,superb,extraordinary
ATTITUDE,ATTITUDE_2,13,adequate,unremarkable,exciting,superb
ATTITUDE,ATTITUDE_2,14,interesting,exciting,extraordinary,rewarding
ATTITUDE,ATTITUDE_2,15,interesting,adequate,appealing,impressive
ATTITUDE,ATTITUDE_3,1,outstanding,excellent,attractive,phenomenal
ATTITUDE,ATTITUDE_3,2,outstanding,attractive,phenomenal,adequate
ATTITUDE,ATTITUDE_3,3,outstanding,excellent,attractive,adequate
ATTITUDE,ATTITUDE_3,4,outstanding,excellent,phenomenal,adequate
ATTITUDE,ATTITUDE_3,5,excellent,attractive,phenomenal,adequate
IMPORTANCE,IMPORTANCE_1,1,chief,irrelevant,foundational,urgent
IMPORTANCE,IMPORTANCE_1,2,paramount,irrelevant,momentous,ultimate
IMPORTANCE,IMPORTANCE_1,3,major,irrelevant,profound,decisive
IMPORTANCE,IMPORTANCE_1,4,strategic,irrelevant,important,pivotal
IMPORTANCE,IMPORTANCE_1,5,momentous,pivotal,foundational,decisive
IMPORTANCE,IMPORTANCE_1,6,major,paramount,important,foundational
IMPORTANCE,IMPORTANCE_1,7,paramount,profound,pivotal,urgent
IMPORTANCE,IMPORTANCE_1,8,chief,momentous,important,profound
IMPORTANCE,IMPORTANCE_1,9,ultimate,important,decisive,urgent
IMPORTANCE,IMPORTANCE_1,10,major,chief,ultimate,pivotal
IMPORTANCE,IMPORTANCE_1,11,major,strategic,momentous,urgent
IMPORTANCE,IMPORTANCE_1,12,strategic,chief,paramount,decisive
IMPORTANCE,IMPORTANCE_1,13,strategic,ultimate,profound,foundational
IMPORTANCE,IMPORTANCE_2,1,relevant,pressing,influential,necessary
IMPORTANCE,IMPORTANCE_2,2,irrelevant,pressing,essential,vital
IMPORTANCE,IMPORTANCE_2,3,high-priority,pressing,significant,crucial
IMPORTANCE,IMPORTANCE_2,4,critical,pressing,invaluable,prime
IMPORTANCE,IMPORTANCE_2,5,essential,prime,influential,crucial
IMPORTANCE,IMPORTANCE_2,6,high-priority,irrelevant,invaluable,influential
IMPORTANCE,IMPORTANCE_2,7,irrelevant,significant,prime,necessary
IMPORTANCE,IMPORTANCE_2,8,relevant,essential,invaluable,significant
IMPORTANCE,IMPORTANCE_2,9,vital,invaluable,crucial,necessary
IMPORTANCE,IMPORTANCE_2,10,high-priority,relevant,vital,prime
IMPORTANCE,IMPORTANCE_2,11,high-priority,critical,essential,necessary
IMPORTANCE,IMPORTANCE_2,12,critical,relevant,irrelevant,crucial
IMPORTANCE,IMPORTANCE_2,13,critical,vital,significant,influential
IMPORTANCE,IMPORTANCE_3,1,key,compelling,imperative,relevant
IMPORTANCE,IMPORTANCE_3,2,fundamental,compelling,consequential,indispensable
IMPORTANCE,IMPORTANCE_3,3,fundamental,compelling,imperative,relevant
IMPORTANCE,IMPORTANCE_3,4,compelling,consequential,imperative,paramount
IMPORTANCE,IMPORTANCE_3,5,fundamental,key,imperative,indispensable
IMPORTANCE,IMPORTANCE_3,6,key,consequential,paramount,relevant
IMPORTANCE,IMPORTANCE_3,7,compelling,consequential,indispensable,relevant
IMPORTANCE,IMPORTANCE_3,8,fundamental,key,compelling,paramount
IMPORTANCE,IMPORTANCE_3,9,imperative,indispensable,paramount,relevant
IMPORTANCE,IMPORTANCE_3,10,fundamental,key,consequential,relevant
IMPORTANCE,IMPORTANCE_3,11,key,consequential,imperative,indispensable
IMPORTANCE,IMPORTANCE_3,12,fundamental,consequential,imperative,paramount
IMPORTANCE,IMPORTANCE_3,13,fundamental,indispensable,paramount,relevant
IMPORTANCE,IMPORTANCE_3,14,key,compelling,indispensable,paramount
NOVELTY,NOVELTY_1,1,revolutionary,paradigm-shifting,incomparable,trailblazing
NOVELTY,NOVELTY_1,2,unoriginal,paradigm-shifting,fresh,up-and-coming
NOVELTY,NOVELTY_1,3,unrivaled,paradigm-shifting,game-changing,never-before-seen
NOVELTY,NOVELTY_1,4,novel,paradigm-shifting,newest / new,cutting-edge
NOVELTY,NOVELTY_1,5,fresh,cutting-edge,incomparable,never-before-seen
NOVELTY,NOVELTY_1,6,unrivaled,unoriginal,newest / new,incomparable
NOVELTY,NOVELTY_1,7,unoriginal,game-changing,cutting-edge,trailblazing
NOVELTY,NOVELTY_1,8,revolutionary,fresh,newest / new,game-changing
NOVELTY,NOVELTY_1,9,up-and-coming,newest / new,never-before-seen,trailblazing
NOVELTY,NOVELTY_1,10,unrivaled,revolutionary,up-and-coming,cutting-edge
NOVELTY,NOVELTY_1,11,unrivaled,novel,fresh,trailblazing
NOVELTY,NOVELTY_1,12,novel,revolutionary,unoriginal,never-before-seen
NOVELTY,NOVELTY_1,13,novel,up-and-coming,game-changing,incomparable
NOVELTY,NOVELTY_2,1,emerging,unique,standard,latest
NOVELTY,NOVELTY_2,2,unequaled,unique,ground-breaking,unoriginal
NOVELTY,NOVELTY_2,3,one-of-a-kind,unique,creative,up-to-date
NOVELTY,NOVELTY_2,4,inventive,unique,first,unheard-of
NOVELTY,NOVELTY_2,5,ground-breaking,unheard-of,standard,up-to-date
NOVELTY,NOVELTY_2,6,one-of-a-kind,unequaled,first,standard
NOVELTY,NOVELTY_2,7,unequaled,creative,unheard-of,latest
NOVELTY,NOVELTY_2,8,emerging,ground-breaking,first,creative
NOVELTY,NOVELTY_2,9,unoriginal,first,up-to-date,latest
NOVELTY,NOVELTY_2,10,one-of-a-kind,emerging,unoriginal,unheard-of
NOVELTY,NOVELTY_2,11,one-of-a-kind,inventive,ground-breaking,latest
NOVELTY,NOVELTY_2,12,inventive,emerging,unequaled,up-to-date
NOVELTY,NOVELTY_2,13,inventive,unoriginal,creative,standard
NOVELTY,NOVELTY_3,1,revolutionary,pioneering,original,unparalleled
NOVELTY,NOVELTY_3,2,recent,original,innovative,unparalleled
NOVELTY,NOVELTY_3,3,unprecedented,standard,pioneering,innovative
NOVELTY,NOVELTY_3,4,imaginative,unprecedented,innovative,unparalleled
NOVELTY,NOVELTY_3,5,imaginative,revolutionary,innovative,radical
NOVELTY,NOVELTY_3,6,recent,unprecedented,revolutionary,standard
NOVELTY,NOVELTY_3,7,recent,imaginative,revolutionary,pioneering
NOVELTY,NOVELTY_3,8,unprecedented,revolutionary,radical,unparalleled
NOVELTY,NOVELTY_3,9,recent,unprecedented,original,radical
NOVELTY,NOVELTY_3,10,standard,pioneering,radical,unparalleled
NOVELTY,NOVELTY_3,11,imaginative,standard,original,radical
NOVELTY,NOVELTY_3,12,revolutionary,standard,original,innovative
NOVELTY,NOVELTY_3,13,imaginative,unprecedented,pioneering,original
NOVELTY,NOVELTY_3,14,recent,pioneering,innovative,radical
NOVELTY,NOVELTY_3,15,recent,imaginative,standard,unparalleled
PROBLEM,PROBLEM_1,1,grim,minor,unmet,frightening
PROBLEM,PROBLEM_1,2,catastrophic,minor,formidable,elusive
PROBLEM,PROBLEM_1,3,dismal,minor,serious,worrying
PROBLEM,PROBLEM_1,4,hopeless,minor,devastating,perilous
PROBLEM,PROBLEM_1,5,formidable,perilous,unmet,worrying
PROBLEM,PROBLEM_1,6,dismal,catastrophic,devastating,unmet
PROBLEM,PROBLEM_1,7,catastrophic,serious,perilous,frightening
PROBLEM,PROBLEM_1,8,grim,formidable,devastating,serious
PROBLEM,PROBLEM_1,9,elusive,devastating,worrying,frightening
PROBLEM,PROBLEM_1,10,dismal,grim,elusive,perilous
PROBLEM,PROBLEM_1,11,dismal,hopeless,formidable,frightening
PROBLEM,PROBLEM_1,12,hopeless,grim,catastrophic,worrying
PROBLEM,PROBLEM_1,13,hopeless,elusive,serious,unmet
PROBLEM,PROBLEM_2,1,shocking,scarce,ruinous,alarming
PROBLEM,PROBLEM_2,2,miserable,scarce,intimidating,unanswered
PROBLEM,PROBLEM_2,3,dire,scarce,inconvenient,disasterous
PROBLEM,PROBLEM_2,4,bleak,scarce,minor,daunting
PROBLEM,PROBLEM_2,5,intimidating,daunting,ruinous,disasterous
PROBLEM,PROBLEM_2,6,dire,miserable,minor,ruinous
PROBLEM,PROBLEM_2,7,miserable,inconvenient,daunting,alarming
PROBLEM,PROBLEM_2,8,shocking,intimidating,minor,inconvenient
PROBLEM,PROBLEM_2,9,unanswered,minor,disasterous,alarming
PROBLEM,PROBLEM_2,10,dire,shocking,unanswered,daunting
PROBLEM,PROBLEM_2,11,dire,bleak,intimidating,alarming
PROBLEM,PROBLEM_2,12,bleak,shocking,miserable,disasterous
PROBLEM,PROBLEM_2,13,bleak,unanswered,inconvenient,ruinous
PROBLEM,PROBLEM_3,1,desperate,stark,catastrophic,inconvenient
PROBLEM,PROBLEM_3,2,grave,stark,troubling,catastrophic
PROBLEM,PROBLEM_3,3,disturbing,desperate,troubling,catastrophic
PROBLEM,PROBLEM_3,4,disturbing,desperate,grave,stark
PROBLEM,PROBLEM_3,5,disturbing,deadly,catastrophic,inconvenient
PROBLEM,PROBLEM_3,6,dramatic,deadly,troubling,catastrophic
PROBLEM,PROBLEM_3,7,dramatic,stark,catastrophic,inconvenient
PROBLEM,PROBLEM_3,8,desperate,deadly,stark,troubling
PROBLEM,PROBLEM_3,9,disturbing,grave,troubling,inconvenient
PROBLEM,PROBLEM_3,10,dramatic,grave,troubling,inconvenient
PROBLEM,PROBLEM_3,11,disturbing,dramatic,deadly,stark
PROBLEM,PROBLEM_3,12,desperate,dramatic,grave,deadly
PROBLEM,PROBLEM_3,13,desperate,deadly,troubling,inconvenient
PROBLEM,PROBLEM_3,14,disturbing,desperate,dramatic,inconvenient
PROBLEM,PROBLEM_3,15,disturbing,grave,deadly,catastrophic
PROBLEM,PROBLEM_3,16,disturbing,dramatic,stark,troubling
PROBLEM,PROBLEM_3,17,desperate,dramatic,grave,catastrophic
PROBLEM,PROBLEM_3,18,grave,deadly,stark,inconvenient
QUALITY,QUALITY_1,1,motivated,unqualified,ambitious,prestigious
QUALITY,QUALITY_1,2,exceptional,unqualified,renowned,gifted
QUALITY,QUALITY_1,3,pre-eminent,unqualified,successful,cohessive
QUALITY,QUALITY_1,4,committed,unqualified,vibrant,credentialed
QUALITY,QUALITY_1,5,renowned,credentialed,ambitious,cohessive
QUALITY,QUALITY_1,6,pre-eminent,exceptional,vibrant,ambitious
QUALITY,QUALITY_1,7,exceptional,successful,credentialed,prestigious
QUALITY,QUALITY_1,8,motivated,renowned,vibrant,successful
QUALITY,QUALITY_1,9,gifted,vibrant,cohessive,prestigious
QUALITY,QUALITY_1,10,pre-eminent,motivated,gifted,credentialed
QUALITY,QUALITY_1,11,pre-eminent,committed,renowned,prestigious
QUALITY,QUALITY_1,12,committed,motivated,exceptional,cohessive
QUALITY,QUALITY_1,13,committed,gifted,successful,ambitious
QUALITY,QUALITY_2,1,adequate,qualified,veteran,energetic
QUALITY,QUALITY_2,2,unqualified,qualified,supportive,foremost
QUALITY,QUALITY_2,3,certified,qualified,leading,holistic
QUALITY,QUALITY_2,4,distinguished,qualified,promising,established
QUALITY,QUALITY_2,5,supportive,established,veteran,holistic
QUALITY,QUALITY_2,6,certified,unqualified,promising,veteran
QUALITY,QUALITY_2,7,unqualified,leading,established,energetic
QUALITY,QUALITY_2,8,adequate,supportive,promising,leading
QUALITY,QUALITY_2,9,foremost,promising,holistic,energetic
QUALITY,QUALITY_2,10,certified,adequate,foremost,established
QUALITY,QUALITY_2,11,certified,distinguished,supportive,energetic
QUALITY,QUALITY_2,12,distinguished,adequate,unqualified,holistic
QUALITY,QUALITY_2,13,distinguished,foremost,leading,veteran
QUALITY,QUALITY_3,1,adequate,thriving,premier,lively
QUALITY,QUALITY_3,2,talented,premier,skilled,lively
QUALITY,QUALITY_3,3,exceptional,senior,thriving,skilled
QUALITY,QUALITY_3,4,rising,exceptional,skilled,lively
QUALITY,QUALITY_3,5,rising,adequate,skilled,collegial
QUALITY,QUALITY_3,6,talented,exceptional,adequate,senior
QUALITY,QUALITY_3,7,talented,rising,adequate,thriving
QUALITY,QUALITY_3,8,exceptional,adequate,collegial,lively
QUALITY,QUALITY_3,9,talented,exceptional,premier,collegial
QUALITY,QUALITY_3,10,senior,thriving,collegial,lively
QUALITY,QUALITY_3,11,rising,senior,premier,collegial
QUALITY,QUALITY_3,12,adequate,senior,premier,skilled
QUALITY,QUALITY_3,13,rising,exceptional,thriving,premier
QUALITY,QUALITY_3,14,talented,thriving,skilled,collegial
QUALITY,QUALITY_3,15,talented,rising,senior,lively
QUALITY,QUALITY_4,1,longstanding,seasoned,experienced,unqualified
QUALITY,QUALITY_4,2,accomplished,experienced,integrative,unqualified
QUALITY,QUALITY_4,3,intellectual,reputable,seasoned,integrative
QUALITY,QUALITY_4,4,forward-thinking,intellectual,integrative,unqualified
QUALITY,QUALITY_4,5,forward-thinking,longstanding,integrative,exceptional
QUALITY,QUALITY_4,6,accomplished,intellectual,longstanding,reputable
QUALITY,QUALITY_4,7,accomplished,forward-thinking,longstanding,seasoned
QUALITY,QUALITY_4,8,intellectual,longstanding,exceptional,unqualified
QUALITY,QUALITY_4,9,accomplished,intellectual,experienced,exceptional
QUALITY,QUALITY_4,10,reputable,seasoned,exceptional,unqualified
QUALITY,QUALITY_4,11,forward-thinking,reputable,experienced,exceptional
QUALITY,QUALITY_4,12,longstanding,reputable,experienced,integrative
QUALITY,QUALITY_4,13,forward-thinking,intellectual,seasoned,experienced
QUALITY,QUALITY_4,14,accomplished,seasoned,integrative,exceptional
QUALITY,QUALITY_4,15,accomplished,forward-thinking,reputable,unqualified
QUALITY,QUALITY_5,1,knowledgeable,dynamic,adequate,unqualified
QUALITY,QUALITY_5,2,dedicated,stellar,dynamic,adequate
QUALITY,QUALITY_5,3,dedicated,dynamic,brilliant,unqualified
QUALITY,QUALITY_5,4,knowledgeable,dedicated,brilliant,adequate
QUALITY,QUALITY_5,5,knowledgeable,stellar,dynamic,brilliant
QUALITY,QUALITY_5,6,stellar,brilliant,adequate,unqualified
QUALITY,QUALITY_5,7,knowledgeable,dedicated,stellar,unqualified
RIGOUR,RIGOUR_1,1,flawless,advanced,systematic,exact
RIGOUR,RIGOUR_1,2,unreliable,advanced,nuanced,meticulous
RIGOUR,RIGOUR_1,3,empirical,advanced,refined,powerful
RIGOUR,RIGOUR_1,4,thorough,advanced,verifiable,complex
RIGOUR,RIGOUR_1,5,nuanced,complex,systematic,powerful
RIGOUR,RIGOUR_1,6,empirical,unreliable,verifiable,systematic
RIGOUR,RIGOUR_1,7,unreliable,refined,complex,exact
RIGOUR,RIGOUR_1,8,flawless,nuanced,verifiable,refined
RIGOUR,RIGOUR_1,9,meticulous,verifiable,powerful,exact
RIGOUR,RIGOUR_1,10,empirical,flawless,meticulous,complex
RIGOUR,RIGOUR_1,11,empirical,thorough,nuanced,exact
RIGOUR,RIGOUR_1,12,thorough,flawless,unreliable,powerful
RIGOUR,RIGOUR_1,13,thorough,meticulous,refined,systematic
RIGOUR,RIGOUR_2,1,adequate,organized,scientific,detailed
RIGOUR,RIGOUR_2,2,unreliable,organized,high-level,disciplined
RIGOUR,RIGOUR_2,3,elegant,organized,coordinated,reproducible
RIGOUR,RIGOUR_2,4,methodical,organized,exacting,high-standard
RIGOUR,RIGOUR_2,5,high-level,high-standard,scientific,reproducible
RIGOUR,RIGOUR_2,6,elegant,unreliable,exacting,scientific
RIGOUR,RIGOUR_2,7,unreliable,coordinated,high-standard,detailed
RIGOUR,RIGOUR_2,8,adequate,high-level,exacting,coordinated
RIGOUR,RIGOUR_2,9,disciplined,exacting,reproducible,detailed
RIGOUR,RIGOUR_2,10,elegant,adequate,disciplined,high-standard
RIGOUR,RIGOUR_2,11,elegant,methodical,high-level,detailed
RIGOUR,RIGOUR_2,12,methodical,adequate,unreliable,reproducible
RIGOUR,RIGOUR_2,13,methodical,disciplined,coordinated,scientific
RIGOUR,RIGOUR_3,1,accurate,repeatable,error-free,adequate
RIGOUR,RIGOUR_3,2,structured,error-free,integrated,adequate
RIGOUR,RIGOUR_3,3,quality,strong,repeatable,integrated
RIGOUR,RIGOUR_3,4,unified,quality,integrated,adequate
RIGOUR,RIGOUR_3,5,unified,accurate,integrated,flawless
RIGOUR,RIGOUR_3,6,structured,quality,accurate,strong
RIGOUR,RIGOUR_3,7,structured,unified,accurate,repeatable
RIGOUR,RIGOUR_3,8,quality,accurate,flawless,adequate
RIGOUR,RIGOUR_3,9,structured,quality,error-free,flawless
RIGOUR,RIGOUR_3,10,strong,repeatable,flawless,adequate
RIGOUR,RIGOUR_3,11,unified,strong,error-free,flawless
RIGOUR,RIGOUR_3,12,accurate,strong,error-free,integrated
RIGOUR,RIGOUR_3,13,unified,quality,repeatable,error-free
RIGOUR,RIGOUR_3,14,structured,repeatable,integrated,flawless
RIGOUR,RIGOUR_3,15,structured,unified,strong,adequate
RIGOUR,RIGOUR_4,1,strict,fine-grained,logical,unreliable
RIGOUR,RIGOUR_4,2,discriminating,logical,robust,unreliable
RIGOUR,RIGOUR_4,3,correct,sophisticated,fine-grained,robust
RIGOUR,RIGOUR_4,4,subtle,correct,robust,unreliable
RIGOUR,RIGOUR_4,5,subtle,strict,robust,flawless
RIGOUR,RIGOUR_4,6,discriminating,correct,strict,sophisticated
RIGOUR,RIGOUR_4,7,discriminating,subtle,strict,fine-grained
RIGOUR,RIGOUR_4,8,correct,strict,flawless,unreliable
RIGOUR,RIGOUR_4,9,discriminating,correct,logical,flawless
RIGOUR,RIGOUR_4,10,sophisticated,fine-grained,flawless,unreliable
RIGOUR,RIGOUR_4,11,subtle,sophisticated,logical,flawless
RIGOUR,RIGOUR_4,12,strict,sophisticated,logical,robust
RIGOUR,RIGOUR_4,13,subtle,correct,fine-grained,logical
RIGOUR,RIGOUR_4,14,discriminating,fine-grained,robust,flawless
RIGOUR,RIGOUR_4,15,discriminating,subtle,sophisticated,unreliable
RIGOUR,RIGOUR_5,1,precise,painstaking,adequate,unreliable
RIGOUR,RIGOUR_5,2,careful,cohesive,painstaking,adequate
RIGOUR,RIGOUR_5,3,careful,painstaking,rigorous,unreliable
RIGOUR,RIGOUR_5,4,precise,careful,rigorous,adequate
RIGOUR,RIGOUR_5,5,precise,cohesive,painstaking,rigorous
RIGOUR,RIGOUR_5,6,cohesive,rigorous,adequate,unreliable
RIGOUR,RIGOUR_5,7,precise,careful,cohesive,unreliable
SCALE,SCALE_1,1,deeper,limited,sizable,wide-ranging
SCALE,SCALE_1,2,gigantic,limited,multifarious,ample
SCALE,SCALE_1,3,extensive,limited,overpowering,largest
SCALE,SCALE_1,4,overwhelming,limited,exhaustive,monumental
SCALE,SCALE_1,5,multifarious,monumental,sizable,largest
SCALE,SCALE_1,6,extensive,gigantic,exhaustive,sizable
SCALE,SCALE_1,7,gigantic,overpowering,monumental,wide-ranging
SCALE,SCALE_1,8,deeper,multifarious,exhaustive,overpowering
SCALE,SCALE_1,9,ample,exhaustive,largest,wide-ranging
SCALE,SCALE_1,10,extensive,deeper,ample,monumental
SCALE,SCALE_1,11,extensive,overwhelming,multifarious,wide-ranging
SCALE,SCALE_1,12,overwhelming,deeper,gigantic,largest
SCALE,SCALE_1,13,overwhelming,ample,overpowering,sizable
SCALE,SCALE_2,1,considerable,immediate,staggering,sweeping
SCALE,SCALE_2,2,generous,immediate,adequate,limited
SCALE,SCALE_2,3,top,immediate,broad,innumerable
SCALE,SCALE_2,4,fastest,immediate,greatest,vast
SCALE,SCALE_2,5,adequate,vast,staggering,innumerable
SCALE,SCALE_2,6,top,generous,greatest,staggering
SCALE,SCALE_2,7,generous,broad,vast,sweeping
SCALE,SCALE_2,8,considerable,adequate,greatest,broad
SCALE,SCALE_2,9,limited,greatest,innumerable,sweeping
SCALE,SCALE_2,10,top,considerable,limited,vast
SCALE,SCALE_2,11,top,fastest,adequate,sweeping
SCALE,SCALE_2,12,fastest,considerable,generous,innumerable
SCALE,SCALE_2,13,fastest,limited,broad,staggering
SCALE,SCALE_3,1,colossal,gigantic,plenty,prompt
SCALE,SCALE_3,2,biggest,gigantic,adequate,complete
SCALE,SCALE_3,3,mammoth,gigantic,tremendous,instant
SCALE,SCALE_3,4,global,gigantic,international,countless
SCALE,SCALE_3,5,adequate,countless,plenty,instant
SCALE,SCALE_3,6,mammoth,biggest,international,plenty
SCALE,SCALE_3,7,biggest,tremendous,countless,prompt
SCALE,SCALE_3,8,colossal,adequate,international,tremendous
SCALE,SCALE_3,9,complete,international,instant,prompt
SCALE,SCALE_3,10,mammoth,colossal,complete,countless
SCALE,SCALE_3,11,mammoth,global,adequate,prompt
SCALE,SCALE_3,12,global,colossal,biggest,instant
SCALE,SCALE_3,13,global,complete,tremendous,plenty
SCALE,SCALE_4,1,myriad,gigantic,limited,abundant
SCALE,SCALE_4,2,intense,limited,expansive,abundant
SCALE,SCALE_4,3,worldwide,huge,gigantic,expansive
SCALE,SCALE_4,4,substantial,worldwide,expansive,abundant
SCALE,SCALE_4,5,substantial,myriad,expansive,immense
SCALE,SCALE_4,6,intense,worldwide,myriad,huge
SCALE,SCALE_4,7,intense,substantial,myriad,gigantic
SCALE,SCALE_4,8,worldwide,myriad,immense,abundant
SCALE,SCALE_4,9,intense,worldwide,limited,immense
SCALE,SCALE_4,10,huge,gigantic,immense,abundant
SCALE,SCALE_4,11,substantial,huge,limited,immense
SCALE,SCALE_4,12,myriad,huge,limited,expansive
SCALE,SCALE_4,13,substantial,worldwide,gigantic,limited
SCALE,SCALE_4,14,intense,gigantic,expansive,immense
SCALE,SCALE_4,15,intense,substantial,huge,abundant
SCALE,SCALE_5,1,transdisciplinary / interdisciplinary / interprofessional,massive,enormous,limited
SCALE,SCALE_5,2,comprehensive,massive,diverse,far-reaching
SCALE,SCALE_5,3,comprehensive,massive,enormous,limited
SCALE,SCALE_5,4,massive,diverse,enormous,adequate
SCALE,SCALE_5,5,comprehensive,transdisciplinary / interdisciplinary / interprofessional,enormous,far-reaching
SCALE,SCALE_5,6,transdisciplinary / interdisciplinary / interprofessional,diverse,adequate,limited
SCALE,SCALE_5,7,massive,diverse,far-reaching,limited
SCALE,SCALE_5,8,comprehensive,transdisciplinary / interdisciplinary / interprofessional,massive,adequate
SCALE,SCALE_5,9,enormous,far-reaching,adequate,limited
SCALE,SCALE_5,10,comprehensive,transdisciplinary / interdisciplinary / interprofessional,diverse,limited
SCALE,SCALE_5,11,transdisciplinary / interdisciplinary / interprofessional,diverse,enormous,far-reaching
SCALE,SCALE_5,12,comprehensive,diverse,enormous,adequate
SCALE,SCALE_5,13,comprehensive,far-reaching,adequate,limited
SCALE,SCALE_5,14,transdisciplinary / interdisciplinary / interprofessional,massive,far-reaching,adequate
UTILITY,UTILITY_1,1,practicable,transferable,optimal,self-explanatory
UTILITY,UTILITY_1,2,timely,transferable,transformative,ineffective
UTILITY,UTILITY_1,3,valuable,transferable,sustainable,safer
UTILITY,UTILITY_1,4,well-timed,transferable,easy-to-use,impactful
UTILITY,UTILITY_1,5,transformative,impactful,optimal,safer
UTILITY,UTILITY_1,6,valuable,timely,easy-to-use,optimal
UTILITY,UTILITY_1,7,timely,sustainable,impactful,self-explanatory
UTILITY,UTILITY_1,8,practicable,transformative,easy-to-use,sustainable
UTILITY,UTILITY_1,9,ineffective,easy-to-use,safer,self-explanatory
UTILITY,UTILITY_1,10,valuable,practicable,ineffective,impactful
UTILITY,UTILITY_1,11,valuable,well-timed,transformative,self-explanatory
UTILITY,UTILITY_1,12,well-timed,practicable,timely,safer
UTILITY,UTILITY_1,13,well-timed,ineffective,sustainable,optimal
UTILITY,UTILITY_2,1,adequate,simple,opportune,accessible
UTILITY,UTILITY_2,2,ineffective,simple,synergistic,ideal
UTILITY,UTILITY_2,3,durable,simple,concrete,easy
UTILITY,UTILITY_2,4,useful,simple,meaningful,expandable
UTILITY,UTILITY_2,5,synergistic,expandable,opportune,easy
UTILITY,UTILITY_2,6,durable,ineffective,meaningful,opportune
UTILITY,UTILITY_2,7,ineffective,concrete,expandable,accessible
UTILITY,UTILITY_2,8,adequate,synergistic,meaningful,concrete
UTILITY,UTILITY_2,9,ideal,meaningful,easy,accessible
UTILITY,UTILITY_2,10,durable,adequate,ideal,expandable
UTILITY,UTILITY_2,11,durable,useful,synergistic,accessible
UTILITY,UTILITY_2,12,useful,adequate,ineffective,easy
UTILITY,UTILITY_2,13,useful,ideal,concrete,opportune
UTILITY,UTILITY_3,1,tangible,fruitful,tactical,user-friendly
UTILITY,UTILITY_3,2,constructive,fruitful,transformative,adequate
UTILITY,UTILITY_3,3,maintainable,fruitful,deployable,productive
UTILITY,UTILITY_3,4,generalizable,fruitful,high-performance,streamlined
UTILITY,UTILITY_3,5,transformative,streamlined,tactical,productive
UTILITY,UTILITY_3,6,maintainable,constructive,high-performance,tactical
UTILITY,UTILITY_3,7,constructive,deployable,streamlined,user-friendly
UTILITY,UTILITY_3,8,tangible,transformative,high-performance,deployable
UTILITY,UTILITY_3,9,adequate,high-performance,productive,user-friendly
UTILITY,UTILITY_3,10,maintainable,tangible,adequate,streamlined
UTILITY,UTILITY_3,11,maintainable,generalizable,transformative,user-friendly
UTILITY,UTILITY_3,12,generalizable,tangible,constructive,productive
UTILITY,UTILITY_3,13,generalizable,adequate,deployable,tactical
UTILITY,UTILITY_4,1,high-performing,actionable,straightforward,economical
UTILITY,UTILITY_4,2,dependable,actionable,transformative,ineffective
UTILITY,UTILITY_4,3,perfect,actionable,implementable,rich
UTILITY,UTILITY_4,4,seamless,actionable,usable,adaptable
UTILITY,UTILITY_4,5,transformative,adaptable,straightforward,rich
UTILITY,UTILITY_4,6,perfect,dependable,usable,straightforward
UTILITY,UTILITY_4,7,dependable,implementable,adaptable,economical
UTILITY,UTILITY_4,8,high-performing,transformative,usable,implementable
UTILITY,UTILITY_4,9,ineffective,usable,rich,economical
UTILITY,UTILITY_4,10,perfect,high-performing,ineffective,adaptable
UTILITY,UTILITY_4,11,perfect,seamless,transformative,economical
UTILITY,UTILITY_4,12,seamless,high-performing,dependable,rich
UTILITY,UTILITY_4,13,seamless,ineffective,implementable,straightforward
UTILITY,UTILITY_5,1,adequate,ineffective,high-yielding,practical
UTILITY,UTILITY_5,2,efficacious,ineffective,effective,purposeful
UTILITY,UTILITY_5,3,efficacious,ineffective,high-yielding,practical
UTILITY,UTILITY_5,4,ineffective,effective,high-yielding,extensible
UTILITY,UTILITY_5,5,efficacious,adequate,high-yielding,purposeful
UTILITY,UTILITY_5,6,adequate,effective,extensible,practical
UTILITY,UTILITY_5,7,ineffective,effective,purposeful,practical
UTILITY,UTILITY_5,8,efficacious,adequate,ineffective,extensible
UTILITY,UTILITY_5,9,high-yielding,purposeful,extensible,practical
UTILITY,UTILITY_5,10,efficacious,adequate,effective,practical
UTILITY,UTILITY_5,11,adequate,effective,high-yielding,purposeful
UTILITY,UTILITY_5,12,efficacious,effective,high-yielding,extensible
UTILITY,UTILITY_5,13,efficacious,purposeful,extensible,practical
UTILITY,UTILITY_5,14,adequate,ineffective,purposeful,extensible
UTILITY,UTILITY_6,1,scalable,efficient,adequate,intuitive
UTILITY,UTILITY_6,2,ready,efficient,transformative,tailored
UTILITY,UTILITY_6,3,ready,efficient,adequate,intuitive
UTILITY,UTILITY_6,4,efficient,transformative,adequate,viable
UTILITY,UTILITY_6,5,ready,scalable,adequate,tailored
UTILITY,UTILITY_6,6,scalable,transformative,viable,intuitive
UTILITY,UTILITY_6,7,efficient,transformative,tailored,intuitive
UTILITY,UTILITY_6,8,ready,scalable,efficient,viable
UTILITY,UTILITY_6,9,adequate,tailored,viable,intuitive
UTILITY,UTILITY_6,10,ready,scalable,transformative,intuitive
UTILITY,UTILITY_6,11,scalable,transformative,adequate,tailored
UTILITY,UTILITY_6,12,ready,transformative,adequate,viable
UTILITY,UTILITY_6,13,ready,tailored,viable,intuitive
UTILITY,UTILITY_6,14,scalable,efficient,tailored,viable